{
    "c": 0.1362763915547025,
    "А": 0.09980806142034548,
    "Х": 0.08829174664107485,
    "8": 0.0710172744721689,
    "М": 0.0690978886756238,
    "r": 0.05758157389635317,
    "Л": 0.053742802303262956,
    "О": 0.044145873320537425,
    "2": 0.04030710172744722,
    "b": 0.036468330134357005,
    "К": 0.03262955854126679,
    "Е": 0.030710172744721688,
    "Д": 0.026871401151631478,
    "Б": 0.02495201535508637,
    "Р": 0.02495201535508637,
    "\n": 0.023032629558541268,
    "7": 0.019193857965451054,
    "4": 0.01727447216890595,
    "t": 0.015355086372360844,
    "<": 0.015355086372360844,
    "1": 0.013435700575815739,
    "Ф": 0.013435700575815739,
    "У": 0.009596928982725527,
    "5": 0.005758157389635317,
    ">": 0.005758157389635317,
    "Ч": 0.003838771593090211,
    "?": 0.003838771593090211,
    "И": 0.003838771593090211,
    "П": 0.003838771593090211,
    "a": 0.003838771593090211,
    "Й": 0.0019193857965451055,
    "Ь": 0.0019193857965451055,
    "Ы": 0.0019193857965451055
}